ID,abc_sum_tonne_km2_2010,ID,bgc_sum_tonne_km2_2010,ID,abc_sum_tonne_km2_2050,ID,bgc_sum_tonne_km2_2050,ID,soc_sum,Name,abc_sum_tonne_km2_difference,abc_sum_tonne_km2_difference_annual,bgc_sum_tonne_km2_difference_annual
1,3745842.05078125,1,3042002.7389586,1,730675.25088501,1,588528.709259033,1,1229566.11303711,Doro,3015166.79989624,75379.169997406,61336.8507424891
2,8554768.32885742,2,8233795.64705491,2,2091112.61228943,2,2159959.19670105,2,2320511.37597656,Swaga Swaga Game Reserve  -  19,6463655.71656799,161591.3929142,151845.911258847
3,10505070.6416016,3,15364241.4992511,3,0,3,0,3,2489172.98388672,Masanza,10505070.6416016,262626.766040039,384106.037481278
4,2555961.00708008,4,4571263.38253021,4,3826214.36108398,4,6790292.82128906,4,1286232.00341797,Welgevonden,-1270253.35400391,-31756.3338500977,-55475.7359689713
5,358054.212219238,5,516252.862477303,5,79445.8952503204,5,103371.368326187,5,363322.658691406,Mashi,278608.316968918,6965.20792422295,10322.0373537779
6,659231.941711426,6,910858.31720829,6,78349.8580551147,6,104906.726364136,6,556061.857177734,Mashi,580882.083656311,14522.0520914078,20148.7897711039
7,33098241.1505127,7,32689465.022999,7,6887018.67321777,7,6883393.28617859,7,12395156.8588867,Kainji Lake,26211222.4772949,655280.561932373,645151.793420512
8,44270632.6278076,8,42794156.4059734,8,9293644.65174866,8,9071919.07263184,8,16904925.6337891,Zugurma,34976987.976059,874424.699401474,843055.93333354
9,55151.9038085938,9,32935.9833836555,9,0,9,0,9,47676.8203125,Enduimet WMA,55151.9038085938,1378.79759521484,823.399584591389
10,788203.79888916,10,1295100.80205202,10,0,10,0,10,915688.183105469,Lolkisale GCA,788203.79888916,19705.094972229,32377.5200513005
11,12488863.8581543,11,20396098.4018922,11,0,11,0,11,6413749.0546875,Kitwai GCA,12488863.8581543,312221.596453857,509902.460047305
12,209894.497802734,12,264331.594514847,12,62468.7731933594,12,78743.4390869141,12,96622.8505859375,Lake Natron GCA,147425.724609375,3685.64311523437,4639.70388569832
13,2195439.40087891,13,3875250.71689487,13,0,13,0,13,1485933.65332031,Ruvu Masai GCA,2195439.40087891,54885.9850219727,96881.2679223716
14,448942.905273438,14,394108.797389269,14,0,14,0,14,288078.646972656,Landanai GCA,448942.905273438,11223.5726318359,9852.71993473172
15,2140035.44519043,15,2612453.381598,15,0,15,0,15,1946004.70947266,Simanjiro GCA,2140035.44519043,53500.8861297607,65311.3345399499
16,44798961.1055908,16,65809606.7097962,16,0,16,0,16,18420653.3188477,Makame WMA,44798961.1055908,1119974.02763977,1645240.1677449
17,24933545.7665405,17,24838157.3289633,17,0,17,0,17,12249626.2529297,Makame WMA,24933545.7665405,623338.644163513,620953.933224082
18,22558778.6330566,18,26353696.27648,18,3027505.88761902,18,3103958.38374329,18,5616177.80908203,Swagaswaga G.R,19531272.7454376,488281.818635941,581243.447318417
19,46208059.6413574,19,31260776.77145,19,11154815.9259338,19,8493666.46696472,19,10305520.2492676,Rungwa (N) O.A.,35053243.7154236,876331.09288559,569177.757612133
20,63676198.1999512,20,109089068.699241,20,0,20,0,20,18229967.1672363,Makame WMA,63676198.1999512,1591904.95499878,2727226.71748102
21,3790878.125,21,4542449.77837801,21,1127555.22802734,21,1403252.9899292,21,1336751.77490234,Chaya O.A.,2663322.89697266,66583.0724243164,78479.9197112203
22,160931327.902466,22,109313289.705485,22,35941066.6554298,22,23492206.5083199,22,35137784.8930664,Nyahua Mbuga,124990261.247036,3124756.5311759,2145527.07992913
23,3538410.73168945,23,6425167.36555099,23,0,23,0,23,2037988.12060547,Makame WMA,3538410.73168945,88460.2682922363,160629.184138775
24,2610259.85107422,24,959002.87797451,24,375766.504699707,24,131000.02885437,24,1206079.11767578,Namanga Hill,2234493.34637451,55862.3336593628,20700.0712280035
25,41528388.6398926,25,21293682.6577842,25,11348768.1385975,25,9218353.82658339,25,34042944.6884766,Northern Highlands,30179620.5012951,754490.512532377,301883.220780021
26,7917562.61767578,26,2452071.12129331,26,1478448.77252197,26,458993.669723511,26,2880423.30273438,Marang,6439113.84515381,160977.846128845,49826.9362892449
27,103299974.581299,27,52924162.9855573,27,34043256.8837986,27,16625750.8805237,27,22428036.4174805,Itulu Hill,69256717.6975002,1731417.94243751,907460.302625841
28,36542935.1420898,28,53600943.6995685,28,24282976.1313782,28,36164032.7517853,28,14330817.0854492,Muhesi game Reserve - 12,12259959.0107117,306498.975267792,435922.773694581
29,2018780.17443848,29,2931528.79741192,29,0,29,0,29,1145732.16210938,Chyulu,2018780.17443848,50469.5043609619,73288.219935298
30,32991.5658569336,30,59755.2581906319,30,0,30,0,30,52507.3251953125,Amboseli,32991.5658569336,824.78914642334,1493.8814547658
31,157613.160644531,31,305596.495962143,31,0,31,0,31,44298.07421875,Ngai Ndethya,157613.160644531,3940.32901611328,7639.91239905357
32,2954541.18902588,32,4837338.76174092,32,0,32,0,32,1394687.77978516,Mkungunero Game Reserve - 10,2954541.18902588,73863.529725647,120933.469043523
33,26141850.0498047,33,35040971.7895389,33,22057804.6438751,33,27532429.0688705,33,20849813.96875,Maswa Game Reserve - 7,4084045.40592957,102101.135148239,187713.568016708
34,5616669.9432373,34,6782744.75563765,34,298251.407043457,34,177862.185974121,34,4918453.82324219,Tarangire,5318418.53619385,132960.463404846,165122.064241588
35,15993346.0595703,35,21602226.1220932,35,0,35,0,35,5825136.82763672,Mkomazi Game Reserve - 9,15993346.0595703,399833.651489258,540055.65305233
36,10957227.2347412,36,8700274.57454205,36,0,36,0,36,4698905.94921875,Chyulu Hills,10957227.2347412,273930.68086853,217506.864363551
37,11561280.3016357,37,18832767.2268748,37,0,37,0,37,4109874.67675781,Lumo,11561280.3016357,289032.007540894,470819.180671871
38,14975278.9157715,38,24922370.2648401,38,7979334.40576172,38,13651949.0957947,38,4941172.25732422,Muhesi former edge of game Reserve - 12,6995944.51000977,174898.612750244,281760.529226136
39,38592.16796875,39,31241.5875196457,39,7938.36022949219,39,8695.51020812988,39,10291.072265625,Northern Tuli,30653.8077392578,766.345193481445,563.651932787895
40,8167903.99584961,40,14042281.8486094,40,5641053.24481201,40,9834983.18103027,40,3533153.54907227,Waterberg Biosphere Reserve,2526850.7510376,63171.2687759399,105182.466689479
41,9244197.49450684,41,9624494.78757977,41,0,41,0,41,3591163.96899414,Chibavahlengwe,9244197.49450684,231104.937362671,240612.369689494
42,9586165.95483398,42,10438822.2766697,42,0,42,0,42,3764908.34106445,Sengwe Wildlife Management Area,9586165.95483398,239654.14887085,260970.556916744
43,8119070.72009277,43,8047031.09990358,43,0,43,0,43,4075967.70361328,Maose-Xini,8119070.72009277,202976.768002319,201175.77749759
44,0,44,0,44,0,44,0,44,0,Tuli,0,0,0
45,38170129.3125,45,46213865.962106,45,0,45,0,45,18859398.4841309,Gonarezhou,38170129.3125,954253.2328125,1155346.64905265
46,102449591.819153,46,118583819.409633,46,0,46,0,46,49357153.2390137,Limpopo Valley,102449591.819153,2561239.79547882,2964595.48524082
47,0,47,0,47,0,47,0,47,0,Vembe Private Nature Reserve,0,0,0
48,268082.423828125,48,550536.58940196,48,0,48,0,48,123991.597412109,Umbabat,268082.423828125,6702.06059570312,13763.414735049
49,27492.51171875,49,50601.9506514072,49,0,49,0,49,12338.3908691406,Groot - Letaba,27492.51171875,687.31279296875,1265.04876628518
50,978172.756835938,50,2021818.0599153,50,0,50,0,50,531029.981201172,Klaserie,978172.756835938,24454.3189208984,50545.4514978826
51,1789282.51660156,51,3860697.82966375,51,0,51,0,51,1056912.90527344,Timbavati,1789282.51660156,44732.0629150391,96517.4457415938
52,354146.095092773,52,588779.968470335,52,450643.941894531,52,696167.313842773,52,403814.815917969,Kalomo Hills,-96497.8468017578,-2412.44617004395,-2684.68363431096
53,402122797.597534,53,407777215.25647,53,249967069.531136,53,260566988.073044,53,126665268.591064,Kasonso-Busanga,152155728.066399,3803893.20165997,3680255.67958567
54,4146339.90625,54,3287864.16008472,54,411250.901557922,54,310779.61750412,54,2160566.5847168,Sikumi,3735089.00469208,93377.2251173019,74427.1135645151
55,998681.407226562,55,1410285.84436774,55,360882.628669739,55,535094.850021362,55,883159.216064453,Kazuma,637798.778556824,15944.9694639206,21879.7748586595
56,982107.938232422,56,890482.390159369,56,121151.37588501,56,106219.503692627,56,343989.172851562,Fuller,860956.562347412,21523.9140586853,19606.5721616685
57,851829.456726074,57,1683177.25487351,57,81650.9328651428,57,161833.724136353,57,587343.896240234,NG/14 Wildlife Management Area,770178.523860931,19254.4630965233,38033.588268429
58,4318160.50579834,58,4033297.58788943,58,4372464.64347839,58,3911933.59658813,58,3622716.33105469,Chobe,-54304.1376800537,-1357.60344200134,3034.09978253245
59,135402.898376465,59,192207.279062271,59,12760.5087776184,59,18010.7734050751,59,136854.653564453,Kazuma,122642.389598846,3066.05973997116,4354.9126414299
60,261819.574890137,60,358899.975132942,60,47509.3337554932,60,82490.70079422,60,301391.247070312,Sibuyu,214310.241134644,5357.75602836609,6910.23185846806
61,115432.968261719,61,137439.278358221,61,9532.46350097656,61,13456.6257324219,61,44484.958984375,Nenyunka Wildlife Management Area,105900.504760742,2647.51261901855,3099.56631564498
62,631429.492797852,62,1234002.15200186,62,345449.807037354,62,676807.016357422,62,394924.307617188,Coutada,285979.685760498,7149.49214401245,13929.8783911109
63,82059595.1810913,63,133119308.336127,63,31189082.8327293,63,50618740.2609148,63,26012648.1276855,Luiana,50870512.348362,1271762.80870905,2062514.2018803
64,641194.382568359,64,917426.83737278,64,92567.2640399933,64,122350.21998024,64,590059.252929688,NG/13 Wildlife Management Area,548627.118528366,13715.6779632092,19876.9154348135
65,1022401.91760254,65,1631501.06171966,65,360706.917797089,65,481827.230880737,65,805181.087158203,NG/15 Wildlife Management Area,661694.99980545,16542.3749951363,28741.845770973
66,734125.104797363,66,737512.211722136,66,276572.07194519,66,307252.713623047,66,572097.135986328,Kasane,457553.032852173,11438.8258213043,10756.4874524772
67,310604.187866211,67,312452.424842119,67,74368.4314155579,67,72620.2077388763,67,220978.030273438,Maikaelo,236235.756450653,5905.89391126633,5995.80542758107
68,462784.780639648,68,708760.521233082,68,223060.144042969,68,382254.173171997,68,296531.318847656,NG/41 Wildlife Management Area,239724.63659668,5993.11591491699,8162.65870152712
69,598337.150146484,69,1039228.54363918,69,511033.486965179,69,947471.10647583,69,327546.868408203,CH/12,87303.6631813049,2182.59157953262,2293.93592908382
70,693197.723022461,70,751022.143644094,70,131216.029495239,70,139304.301345825,70,428367.077880859,NG/18 Wildlife Management Area,561981.693527222,14049.5423381805,15292.9460574567
71,4098818.240448,71,5541871.60539627,71,1659932.22180939,71,2389666.18023682,71,3083302.97680664,CT/1 Wildlife Management Area,2438886.01863861,60972.1504659653,78805.1356289864
72,3934149.67602539,72,5783046.00809813,72,847842.814023972,72,1176334.34285355,72,3248757.5234375,CT/2 Wildlife Management Area,3086306.86200142,77157.6715500355,115167.791631114
73,79946.9417724609,73,88437.4938488007,73,31413.4302368164,73,36079.8823852539,73,50644.6101074219,NG/19 Wildlife Management Area,48533.5115356445,1213.33778839111,1308.94028658867
74,64274.0946655273,74,72310.5965793133,74,86565.9090881348,74,88236.9859008789,74,67906.2819824219,NG/43 Wildlife Management Area,-22291.8144226074,-557.295360565186,-398.159733039141
75,0,75,0,75,0,75,0,75,0,CT/10 Wildlife Management Area,0,0,0
76,3655563.70068359,76,3878444.7001338,76,788898.110293388,76,779699.147434235,76,3614063.64208984,CT/3 Wildlife Management Area,2866665.59039021,71666.6397597551,77468.6388174891
77,56588.3177490234,77,53532.0473790169,77,18819.2069702148,77,18282.4893188477,77,59486.6335449219,NG/34 Wildlife Management Area,37769.1107788086,944.227769470215,881.23895150423
78,248540.396087646,78,334089.216995239,78,88656.0641517639,78,113311.993330002,78,388583.998779297,NG/47 Wildlife Management Area,159884.331935883,3997.10829839706,5519.43059163094
79,0,79,0,79,0,79,0,79,0,CT/5 Wildlife Management Area,0,0,0
80,0,80,0,80,0,80,0,80,0,CT/11 Wildlife Management Area,0,0,0
81,4612455.97155762,81,3289882.54012465,81,1390750.37482834,81,1073998.68933868,81,2496775.45751953,Forest Reserve Name Unknown (ZMB) No.101,3221705.59672928,80542.639918232,55397.0962696493
82,5369890.82006836,82,2941199.5683372,82,857507.931655884,82,455309.352394104,82,2348276.70458984,Machili,4512382.88841248,112809.572210312,62147.2553985775
83,7185949.27075195,83,6071613.31273913,83,6496313.83359528,83,6621631.36979675,83,3433517.36767578,Martin,689635.437156677,17240.8859289169,-13750.4514264405
84,863126.343200684,84,975421.518546343,84,1007974.64668274,84,1045152.07065582,84,762413.281982422,Forest Reserve Name Unknown (ZMB) No.87,-144848.303482056,-3621.20758705139,-1743.263802737
85,5935453.63256836,85,4835628.01713943,85,379919.164203644,85,297583.899253845,85,1952260.18261719,Zambezi,5555534.46836472,138888.361709118,113451.10294714
86,111756002.462219,86,106028174.217194,86,7840514.04008698,86,7213959.26587939,86,33792352.0231934,Hwange (Wankie),103915488.422132,2597887.21055331,2470355.37378287
87,177293.349853516,87,346225.371050835,87,29063.0211868286,87,50064.3197937012,87,191808.284912109,Kazuma Pan,148230.328666687,3705.75821666718,7404.02628142834
88,12777690.5899963,88,22300549.8613834,88,1551837.2761898,88,2560694.9098587,88,7969550.62548828,Matetsi,11225853.3138065,280646.332845163,493496.373788118
89,3891307.2902832,89,6782724.05409813,89,422282.343215942,89,742289.239944458,89,1565247.8828125,Deka,3469024.94706726,86725.6236766815,151010.870353842
90,29151719.2322998,90,30136804.461962,90,5178723.58307457,90,5517760.33156395,90,8537415.43408203,Chobe,23972995.6492252,599324.891230631,615476.103259951
91,872530.931762695,91,1625865.48895836,91,55702.5246486664,91,96934.5019683838,91,363250.733886719,NG/48,816828.407114029,20420.7101778507,38223.2746747494
92,91462.6982421875,92,186158.64995122,92,14364.0702056885,92,29062.8800048828,92,32466.8171386719,NG/48,77098.628036499,1927.46570091248,3927.39424865842
93,0,93,0,93,0,93,0,93,0,Makgadikgadi,0,0,0
94,1479653.27075195,94,1649134.89188552,94,1780642.74145508,94,2132646.3927002,94,877023.970703125,Nkala,-300989.470703125,-7524.73676757813,-12087.7875203669
95,329172.036132812,95,516171.602618694,95,84347.7686462402,95,133395.103881836,95,222844.103027344,Bilili Springs,244824.267486572,6120.60668716431,9569.41246842146
96,29983670.8200378,96,26347079.0181279,96,10219164.7821884,96,9678930.11852264,96,15320894.6337891,Mulobezi,19764506.0378494,494112.650946236,416703.722490132
97,20954116.635498,97,21595250.0991106,97,7030226.07667923,97,7643562.38780594,97,16747866.5529785,Sioma Ngwezi,13923890.5588188,348097.26397047,348792.192782617
98,76603.8302001953,98,126785.78915,98,13076.4017028809,98,18477.5557861328,98,71563.9396972656,NG/16 Wildlife Management Area,63527.4284973145,1588.18571243286,2707.70583409667
99,450876.12902832,99,563163.02241683,99,95356.98878479,99,118002.149719238,99,515202.725341797,NG/20 Wildlife Management Area,355519.14024353,8887.97850608826,11129.0218174398
100,14881198.1894531,100,24318303.4629822,100,1143339.27770615,100,1878038.09860229,100,4430776.484375,NG/24 Wildlife Management Area,13737858.911747,343446.472793674,561006.634109497
101,4424517.1809082,101,8598298.58395457,101,303288.89515686,101,592299.896057129,101,1609988.23730469,NG/23 Wildlife Management Area,4121228.28575134,103030.707143784,200149.967197436
102,11493862.4464111,102,21034835.8317733,102,1492156.29296875,102,2710882.88973999,102,3455693.69482422,NG/25 Wildlife Management Area,10001706.1534424,250042.65383606,458098.823550832
103,1313814.48095703,103,2518237.51078844,103,202705.701080322,103,383032.163330078,103,613593.856201172,NG/26 Wildlife Management Area,1111108.77987671,27777.7194969177,53380.1336864591
104,706862.899353027,104,1241044.48488951,104,237503.056243896,104,399825.34942627,104,793677.043212891,NG/32 Wildlife Management Area,469359.843109131,11733.9960777283,21030.4783865809
105,1276284.63037109,105,2444356.88178539,105,561704.405059814,105,1069398.73217773,105,890156.077148438,NG/30 Wildlife Management Area,714580.225311279,17864.505632782,34373.9537401915
106,1798725.94519043,106,3128452.34169364,106,116017.136199951,106,197719.534103394,106,840095.075195312,NG/21 Wildlife Management Area,1682708.80899048,42067.720224762,73268.3201897562
107,331278.829101562,107,532735.698723793,107,130725.18637085,107,211338.710205078,107,297722.489746094,NG/31 Wildlife Management Area,200553.642730713,5013.84106826782,8034.92471296787
108,1185469.51635742,108,1952752.06649899,108,567170.609375,108,909443.891418457,108,748995.831542969,NG/29 Wildlife Management Area,618298.906982422,15457.4726745605,26082.7043770134
109,769866.016845703,109,307381.861436367,109,272328.918212891,109,120168.933670044,109,349707.082519531,Kazanamena,497537.098632812,12438.4274658203,4680.32319415808
110,10256417.6557312,110,12797605.8111191,110,1430039.65003395,110,1923693.4486599,110,6452369.91674805,Bwabwata,8826378.00569725,220659.450142431,271847.80906148
111,20303.7349853516,111,27971.7860817909,111,940.673758029938,111,814.938965797424,111,40823.640625,Muduva Nyangana,19363.0612273216,484.076530683041,678.921177899838
112,474526.072021484,112,629000.009608269,112,37835.8478527069,112,55709.6845245361,112,384682.281738281,Mayuni,436690.224168777,10917.2556042194,14332.2581270933
113,931751.478210449,113,1286570.04566193,113,129665.968679428,113,163366.177932739,113,1040153.36865234,Bamunu,802085.509531021,20052.1377382755,28080.0966932297
114,1528073.10418701,114,2157491.24318957,114,166448.843961716,114,224230.008426666,114,1276645.23193359,Mashi,1361624.2602253,34040.6065056324,48331.5308690727
115,609454.137268066,115,720124.804890156,115,84121.9536781311,115,103327.96647644,115,474486.929443359,Kwandu,525332.183589935,13133.3045897484,15419.9209603429
116,1347828.87597656,116,1714403.4160614,116,248633.275146484,116,349543.835327148,116,382737.364257812,Impalila,1099195.60083008,27479.890020752,34121.4895183563
117,45924.2814941406,117,67259.624093771,117,6361.86758422852,117,8918.4306640625,117,54532.494140625,Sikunga,39562.4139099121,989.060347747803,1458.52983574271
118,670160.912231445,118,1218494.98824477,118,55294.5570163727,118,96913.0731277466,118,413400.503417969,Balyerwa,614866.355215073,15371.6588803768,28039.5478779256
119,201774.930786133,119,348365.807980299,119,14999.745552063,119,23674.6230392456,119,217042.314453125,Wuparo,186775.18523407,4669.37963085175,8117.27962352633
120,695333.512573242,120,1190783.75418186,120,88522.5333480835,120,139563.046234131,120,493442.146240234,Dzoti,606810.979225159,15170.274480629,26280.5176986933
121,66227.1372070312,121,56160.2445602417,121,8807.34092712402,121,7412.24307250977,121,117925.810058594,Kabulabula,57419.7962799072,1435.49490699768,1218.7000371933
122,662717.673095703,122,828544.065320492,122,92101.0691223145,122,115599.482315063,122,629803.206542969,Masida,570616.603973389,14265.4150993347,17823.6145751357
123,91166.9194335938,123,99342.1862244606,123,27852.4196166992,123,28684.2034912109,123,60367.462890625,Zilitene,63314.4998168945,1582.86249542236,1766.44956833124
124,7454048.13562012,124,7041146.37949467,124,812735.343035698,124,775049.490375519,124,5139986.38452148,Caprivi,6641312.79258442,166032.81981461,156652.422227979
125,97212.3984375,125,53281.5680503845,125,23747.8627929688,125,13016.0700683594,125,21120.8862304688,Burunge WMA,73464.5356445312,1836.61339111328,1006.63744955063
126,1807.74108886719,126,1268.11690330505,126,1474.31091308594,126,1034.21813964844,126,3243.61181640625,NG/33 Wildlife Management Area,333.43017578125,8.33575439453125,5.84746909141541
127,1043004.65478516,127,1429433.05649161,127,0,127,0,127,592966.015380859,Malipati,1043004.65478516,26075.1163696289,35735.8264122903
128,32192.5810546875,128,38540.4138565063,128,2118.08764648438,128,2535.73870849609,128,8244.546875,Vembe Private Nature Reserve,30074.4934082031,751.862335205078,900.116878700256
129,777512.209106445,129,1094257.56168365,129,69073.5979652405,129,103934.265459061,129,459405.211181641,CH/11,708438.611141205,17710.9652785301,24758.0824056149
130,2113461.28631592,130,3192047.92575836,130,732545.580123901,130,1003642.98094177,130,1737764.5078125,NG/42 Wildlife Management Area,1380915.70619202,34522.8926548004,54710.1236204147
131,25988684.8571167,131,29694596.5590239,131,4252917.42319679,131,5261717.0415659,131,11526997.6894531,Chizarira,21735767.4339199,543394.185847998,610821.987936449
132,10319859.001709,132,8105678.95886302,132,12153682.6273193,132,9724595.83508301,132,3244346.2578125,Liuwa Plain,-1833823.62561035,-45845.5906402588,-40472.9219054997
133,11896321.3127441,133,12009539.0997171,133,15238744.6525726,133,16896908.1055908,133,8627623.00415039,Sichifula,-3342423.33982849,-83560.5834957123,-122184.225146842
134,2110171.38378906,134,3905267.87189841,134,158946.464874268,134,290443.848205566,134,868364.756835938,NG/22 Wildlife Management Area,1951224.91891479,48780.6229728699,90370.6005923212
135,2548126.53723145,135,4995396.37037516,135,351530.580505371,135,686148.612670898,135,994666.802734375,NG/27A Wildlife Management Area,2196595.95672607,54914.8989181519,107731.193942606
136,169088.153808594,136,225138.775193691,136,70342.3338928223,136,92754.0073852539,136,153811.077148438,NG/17 Wildlife Management Area,98745.8199157715,2468.64549789429,3309.61919521093
137,602633.764892578,137,1206565.98988771,137,159760.93182373,137,320781.661132812,137,317098.231445312,NG/27B Wildlife Management Area,442872.833068848,11071.8208267212,22144.6082188725
138,914531.453735352,138,1102564.63309526,138,311186.21232605,138,322585.230560303,138,644677.366210938,Salambala,603345.241409302,15083.6310352325,19499.485063374
139,43325674.1890869,139,73567930.2721262,139,5491771.26207829,139,9425885.7046051,139,13953385.3342285,Moremi Game Reserve,37833902.9270086,945847.573175216,1603551.11418803
140,155871.444091797,140,260641.059780121,140,10452.9524536133,140,18215.7448196411,140,156831.263427734,George Mukoya,145418.491638184,3635.46229095459,6060.63287401199
141,1769912.56347656,141,2437926.8614769,141,303005.406524658,141,419998.175720215,141,724622.911621094,Kasika,1466907.1569519,36672.6789237976,50448.2171439171
142,0,142,0,142,0,142,0,142,0,Shamungwa,0,0,0
143,408561.740234375,143,136250.049853325,143,0,143,0,143,224298.973632812,Kilimanjaro,408561.740234375,10214.0435058594,3406.25124633312
144,684357.448242188,144,251459.836518764,144,33446.2468566895,144,12352.6146087646,144,314307.759765625,Lake Manyara National Park,650911.201385498,16272.7800346375,5977.68054775
145,0,145,0,145,0,145,0,145,0,Lumo,0,0,0
146,195339.057922363,146,287655.969899893,146,0,146,0,146,143053.189941406,Mucheve,195339.057922363,4883.47644805908,7191.39924749732
147,22414.4721679688,147,32581.044870615,147,0,147,0,147,12480.5380859375,Letaba Ranch Tribal Section,22414.4721679688,560.361804199219,814.526121765375
148,694600.030151367,148,601439.825236797,148,33541.2021484375,148,28953.3595838547,148,245297.072265625,Simchembo,661058.82800293,16526.4707000732,14312.1616413236
149,231487.419921875,149,324981.413161755,149,12636.1918945312,149,18119.5287475586,149,83351.1879882812,Sinampande,218851.228027344,5471.28070068359,7671.5471103549
150,144652.680664062,150,99621.4011728764,150,8616.57543945312,150,6043.19454956055,150,51342.453125,Nabusenga Wildlife Management Area,136036.105224609,3400.90263061523,2339.4551655829
151,275894.6484375,151,252416.577684879,151,37037.7929077148,151,36699.0001220703,151,102199.361816406,Sinansengwe,238856.855529785,5971.42138824463,5392.93943907022
152,1214553.73876953,152,1136334.95316505,152,0,152,0,152,765523.745117188,Ukutu WMA,1214553.73876953,30363.8434692383,28408.3738291264
153,6251502.87695312,153,1864525.22963285,153,0,153,0,153,1729348.45068359,Mwanihana,6251502.87695312,156287.571923828,46613.1307408214
154,8455013.23046875,154,2111441.83727503,154,0,154,0,154,1668275.90966797,Matundu,8455013.23046875,211375.330761719,52786.0459318757
155,4417784.66015625,155,1236499.92763996,155,0,155,0,155,925700.685546875,Iwonde,4417784.66015625,110444.616503906,30912.498190999
156,91285834.7266235,156,56219218.2166696,156,0,156,0,156,23005920.5695801,Ngindo,91285834.7266235,2282145.86816559,1405480.45541674
157,1967605.12280273,157,596900.733584166,157,0,157,0,157,2439830.91259766,Rutshuru,1967605.12280273,49190.1280700684,14922.5183396041
158,1038631.51184082,158,2150639.828825,158,0,158,0,158,449546.122802734,Sabie Sands Private Nature Reserve,1038631.51184082,25965.7877960205,53765.9957206249
159,17872789.9018555,159,13172743.6404228,159,1410211.64673138,159,1066988.05327535,159,7179280.76074219,Mkamba,16462578.2551241,411564.456378102,302643.889678687
160,3411019.13525391,160,3772775.95748901,160,142597.781593323,160,160772.820877075,160,1777092.85742188,Mhangalla,3268421.35366058,81710.5338415146,90300.0784152985
161,347565.940246582,161,554300.021582842,161,40663.5094795227,161,65483.2063064575,161,385737.145019531,Mudumu,306902.430767059,7672.56076917648,12220.4203819096
162,1272586.19354248,162,2429157.79520273,162,70973.8733100891,162,136399.499095917,162,1062366.37817383,Mamili,1201612.32023239,30040.3080058098,57318.9574026704
163,0,163,0,163,0,163,0,163,0,Mille-Sardo,0,0,0
164,5670111.36035156,164,1570940.12008905,164,0,164,0,164,1031142.16748047,Kichi Hills,5670111.36035156,141752.784008789,39273.5030022264
165,13977851.6072998,165,6932373.61643314,165,0,165,0,165,4689552.15869141,Kichi Hills,13977851.6072998,349446.290182495,173309.340410829
166,5161788.15454102,166,2694591.37096405,166,0,166,0,166,1540830.01416016,Kilombero GCA,5161788.15454102,129044.703863525,67364.7842741013
167,942858882.674408,167,586706900.610209,167,0,167,0,167,268468903.574707,Ngindo,942858882.674408,23571472.0668602,14667672.5152552
168,67812967.75,168,43972016.8726981,168,0,168,0,168,19819623.2348633,Nyera Kiperere,67812967.75,1695324.19375,1099300.42181745
169,5686270.94506836,169,7012803.02439332,169,0,169,0,169,2149861.55859375,Lukwika-Lumesule G.R.,5686270.94506836,142156.773626709,175320.075609833
170,57081752.7592773,170,23900946.0266292,170,28076925.8548889,170,11949905.8237915,170,9156426.16381836,Chunya O.A (E),29004826.9043884,725120.672609711,298776.005070943
171,37029102.6430664,171,16890290.6049907,171,0,171,0,171,8439235.74169922,Mwantisi O.A (S),37029102.6430664,925727.56607666,422257.265124768
172,51085102.9763184,172,29417270.896858,172,0,172,0,172,13086213.4335938,Mwantisi O.A. (N) and Furua,51085102.9763184,1277127.57440796,735431.772421449
173,33592994.5151367,173,14776788.4743273,173,0,173,0,173,6523210.13720703,Litumbandyosi O.A./Gezamasua F.R.,33592994.5151367,839824.862878418,369419.711858183
174,73165320.1678467,174,28975745.7992136,174,0,174,0,174,17629229.4135742,Mahenge O.A.,73165320.1678467,1829133.00419617,724393.644980341
175,57452734.2911072,175,57131315.7061398,175,0,175,0,175,18167364.0766602,Bloco A Luwiri,57452734.2911072,1436318.35727768,1428282.8926535
176,39410661.546875,176,14922797.2035408,176,0,176,0,176,12095954.4907227,West Kilombero Scarp,39410661.546875,985266.538671875,373069.93008852
177,72928550.980957,177,29734166.4110482,177,0,177,0,177,20277599.8530273,Mwanihana,72928550.980957,1823213.77452393,743354.160276204
178,10259869.5821533,178,7309982.59311318,178,0,178,0,178,3342040.34912109,Mitarure,10259869.5821533,256496.739553833,182749.56482783
179,2064849.16552734,179,1118322.18956947,179,0,179,0,179,602117.502441406,Mitundumbea,2064849.16552734,51621.2291381836,27958.0547392368
180,11048385.0322266,180,5745618.39845777,180,0,180,0,180,2553222.46972656,Ngarama North,11048385.0322266,276209.625805664,143640.459961444
181,97187207.8730469,181,50604948.3398974,181,0,181,0,181,17035072.9606934,North East Undendeule,97187207.8730469,2429680.19682617,1265123.70849743
182,13636856.3706055,182,7508842.40035415,182,0,182,0,182,4392083.97705078,Ruhai River,13636856.3706055,340921.409265137,187721.060008854
183,13296967.7446289,183,8640911.44526601,183,0,183,0,183,6117437.02856445,Nyera Kiperere,13296967.7446289,332424.193615723,216022.78613165
184,33283724.62146,184,19441371.0488856,184,0,184,0,184,8345163.29272461,Muhuwesi,33283724.62146,832093.115536499,486034.27622214
185,19099136.9061279,185,15068770.2453673,185,0,185,0,185,10933654.7368164,Lungonya,19099136.9061279,477478.422653198,376719.256134182
186,3390277.5562439,186,2651927.36689448,186,0,186,0,186,3102849.31884766,Forest Reserve Name Unknown (T,3390277.5562439,84756.9389060974,66298.1841723621
187,2584593.36322021,187,1805825.3501296,187,0,187,0,187,1689166.5859375,Forest Reserve Name Unknown (T,2584593.36322021,64614.8340805054,45145.6337532401
188,82693462.9019775,188,38432925.1502633,188,0,188,0,188,23965768.1831055,Mikumi,82693462.9019775,2067336.57254944,960823.128756583
189,160021352.438477,189,197263460.237283,189,52976911.2091179,189,67568897.6399727,189,51970789.5803223,Rungwa Game Reserve  -  16,107044441.229359,2676111.03073397,3242364.06493275
190,86638727.2790527,190,129104287.716979,190,42445121.3886414,190,56853662.4265747,190,27891387.3220215,Kizigo Game Reserve - 6,44193605.8904114,1104840.14726028,1806265.6322601
191,277340144.721893,191,269172396.614027,191,98164446.5378876,191,89965210.3705139,191,80903572.8156738,Ruaha N.P.,179175698.184006,4479392.45460014,4480179.65608783
192,2667002.68994141,192,1842822.96517491,192,0,192,0,192,1407792.20849609,Rungo,2667002.68994141,66675.0672485352,46070.5741293728
193,7731253.96020508,193,5116623.1227994,193,0,193,0,193,2764613.42919922,Matehi,7731253.96020508,193281.349005127,127915.578069985
194,3100281.15234375,194,2020930.59345484,194,0,194,0,194,1587163.2578125,Nampekeso,3100281.15234375,77507.0288085938,50523.2648363709
195,118148747.166748,195,48442565.4771566,195,21917231.3039856,195,9370169.79152679,195,17794053.567627,Rungwa Open Area South_RNP boundaries,96231515.8627625,2405787.89656906,976809.892140746
196,10174080.1467285,196,19264434.0971172,196,3986811.40429688,196,7457092.79931641,196,2637983.30371094,Lunda-Nkwambi,6187268.74243164,154681.718560791,295183.532445019
197,9822367.68444824,197,18035557.8946114,197,6553990.87231445,197,12422112.2028809,197,3049775.47680664,Lunda-Nkwambi South,3268376.81213379,81709.4203033447,140336.142293262
198,9491115.4954834,198,14137040.054208,198,3994973.89653015,198,6451328.224823,198,3227517.45654297,Mbomipa-Waga North,5496141.59895325,137403.539973831,192142.795734626
199,2527494.03271484,199,2237891.29968286,199,383458.312164307,199,347301.947883606,199,867040.03515625,Mbomipa-Waga South,2144035.72055054,53600.8930137634,47264.7337949812
200,21789512.6633606,200,7763020.66577077,200,9679842.72680664,200,3644958.66983032,200,13629614.1464844,North Maramagambo,12109669.936554,302741.748413849,102951.549898511
201,1106656.00170898,201,392196.462398767,201,0,201,0,201,1274459.625,Kyambura,1106656.00170898,27666.4000427246,9804.91155996919
202,34285758.5209961,202,25731616.8827772,202,18156413.6653442,202,13551766.9468765,202,9312901.73999023,Faro-Ouest,16129344.8556519,403233.621391296,304496.248397517
203,10338564.6811523,203,8240231.05367422,203,10475097.0845947,203,8322269.29428101,203,3805361.41577148,Voko-Bantandje,-136532.403442383,-3413.31008605957,-2050.95601516962
204,4783122.4564209,204,4088427.16242075,204,1126663.43287659,204,993633.220741272,204,2096268.17919922,Rey Bouba,3656459.02354431,91411.4755886078,77369.8485419869
205,2640311.45666504,205,2724237.60619164,205,1053370.61876678,205,1114814.08586884,205,2415231.40625,Mayo-Bidjou,1586940.83789825,39673.5209474564,40235.58800807
206,7320435.77416992,206,5568856.33580685,206,5867563.71942139,206,4497612.00671387,206,2254468.15478516,Campement des Rhinoceros,1452872.05474854,36321.8013687134,26781.1082273245
207,24064217.0686035,207,16705229.1889846,207,13852881.9564209,207,10022417.5039978,207,5931274.25170898,Ndock,10211335.1121826,255283.377804565,167070.292124671
208,18003780.7259521,208,13746649.3881524,208,8321371.01501465,208,6710534.842906,208,5940649.85668945,Mayo-Duele,9682409.7109375,242060.242773437,175902.863631159
209,34742540.0184326,209,24565305.9343278,209,31592832.1281891,209,22337019.9922638,209,9166099.20385742,Kourouk,3149707.89024353,78742.6972560883,55707.1485516012
210,4849797.55810547,210,4054799.74498153,210,3414762.42440796,210,2872827.36909485,210,1740902.39404297,Bel Eland,1435035.13369751,35875.8783424377,29549.309397167
211,12582395.0775146,211,9383527.90817618,211,11817642.1348877,211,8771798.34721375,211,4363014.31201172,Mayo Alim (Coba),764752.942626953,19118.8235656738,15293.239024061
212,17987437.2861328,212,12523293.3090985,212,10572007.9468384,212,7370868.34265137,212,4478459.75195312,Faro-Coron,7415429.33929443,185385.733482361,128810.624161178
213,16406429.1174316,213,12357692.3529983,213,15366652.6435547,213,11527893.4871826,213,5146755.79956055,Mayo-Oldiri-Nord,1039776.47387695,25994.4118469238,20744.971645391
214,19656916.4890137,214,12851495.1099098,214,13815774.887207,214,9125620.37854004,214,5723310.69091797,Mayo-Oldiri-Sud,5841141.60180664,146028.540045166,93146.8682842433
215,621359.94720459,215,544812.016367912,215,136043.051784515,215,99003.7713856697,215,577519.0234375,Pai River,485316.895420074,12132.9223855019,11145.2061245561
216,7248803.80529785,216,10959428.4699738,216,965572.904465675,216,1415583.87782526,216,7178585.67480469,Yankari,6283230.90083218,157080.772520804,238596.114803714
217,7427019.87213135,217,11421483.8410437,217,741247.511020422,217,1117670.34531069,217,6839854.59545898,Yankari,6685772.36111093,167144.309027773,257595.337393326
218,47360573.6520996,218,43146743.3963716,218,13891653.380127,218,13178382.4785614,218,15828667.3933105,Faro,33468920.2719727,836723.006799316,749209.022945255
219,45398868.4170532,219,54512244.0545499,219,0,219,0,219,14017097.895752,Parque Nacional de Banhine,45398868.4170532,1134971.71042633,1362806.10136375
220,2277892.61230469,220,4851873.41344953,220,0,220,0,220,1514101.84277344,Sabi Sand,2277892.61230469,56947.3153076172,121296.835336238
221,6048106.59729004,221,12776872.1791267,221,0,221,0,221,3618661.40551758,Sabi Sand,6048106.59729004,151202.664932251,319421.804478168
222,1909474.7220459,222,4264065.01716971,222,0,222,0,222,1376964.05883789,Manyeleti,1909474.7220459,47736.8680511475,106601.625429243
223,8323873.52246094,223,4305439.23425674,223,0,223,0,223,2087135.08496094,Tembe Elephant,8323873.52246094,208096.838061523,107635.980856419
224,111187985.404358,224,222196941.35775,224,0,224,0,224,78115626.333252,Kruger,111187985.404358,2779699.63510895,5554923.53394374
225,915946534.689575,225,228156515.514421,225,876178427.346924,225,218221699.232666,225,79638015.578125,Bangassou,39768107.3426514,994202.683566284,248370.407043886
226,331633719.59082,226,199101691.357774,226,324196148.857422,226,194874431.803711,226,64970485.2314453,Zone Pilote de la Sangba,7437570.73339844,185939.268334961,105681.488851565
227,115662675.810059,227,95431202.8328896,227,100791122.340485,227,81684533.5673523,227,27805732.7277832,Ouandjia-Vakaga,14871553.469574,371788.836739349,343666.731638432
228,208730179.329102,228,124474158.748537,228,197043565.328979,228,116993654.998901,228,41737336.8608398,Manovo-Gounda-Saint Floris,11686614.0001221,292165.350003052,187012.593740898
229,168170370.406494,229,121544752.274573,229,166999978.915283,229,120722256.272949,229,34394603.9631348,Gribingui-Bamingui,1170391.49121094,29259.7872802734,20562.4000405908
230,44157044.8120117,230,30506422.6084352,230,42652613.940918,230,29459655.2646484,230,8157212.70068359,Gribingui-Bamingui,1504430.87109375,37610.7717773437,26169.1835946679
231,21840918.8081055,231,15521142.1765268,231,21738832.4055176,231,15449318.0473633,231,4048496.22680664,Vassako-Bolo,102086.402587891,2552.16006469727,1795.60322908759
232,6163277.08251953,232,4657120.67645192,232,5872732.54638672,232,4447537.02392578,232,1220627.34350586,Avakaba Presidential Park,290544.536132812,7263.61340332031,5239.59131315351
233,29824861.3869629,233,20806555.2356422,233,29107015.7915039,233,20323364.3251953,233,6557217.29589844,Koukourou-Bamingui,717845.595458984,17946.1398864746,12079.7727611721
234,806495106.567871,234,362646263.964665,234,781511560.354614,234,350911001.638062,234,140447643.860352,Chinko,24983546.2132568,624588.655331421,293381.558165085
235,90341720.1795654,235,69688944.6045518,235,86036073.8121338,235,66422450.3354492,235,19125855.2126465,Manovo-Gounda-Saint Floris,4305646.36743164,107641.159185791,81662.3567275643
236,25967313.595459,236,17251976.6392291,236,1097062.2134285,236,724750.53465271,236,3979230.36865234,Uyumbu WMA,24870251.3820305,621756.284550762,413180.652614409
237,88212603.0405273,237,65737917.25564,237,33700078.2051859,237,23716465.865916,237,25436279.3789062,Lwafi-Nkamba G.R.,54512524.8353415,1362813.12088354,1050536.2847431
238,58749232.5214844,238,44468491.5988863,238,19541809.6702576,238,15170321.2892761,238,11931345.4204102,Piti O.A.(E),39207422.8512268,980185.57128067,732454.257740253
239,21318224.4621582,239,17607702.8548181,239,4845465.67529297,239,4161666.91564941,239,6010906.15087891,Piti O.A. (W),16472758.7868652,411818.969671631,336150.898479217
240,118519453.577637,240,51626776.0122657,240,33265656.7197418,240,14142869.8937759,240,19017541.963623,Chunya Lukawati O.A.,85253796.8578949,2131344.92144737,937097.652962244
241,33750486.5270996,241,24785793.1533396,241,14444315.1641541,241,10856890.6170349,241,10240596.5185547,Buyungu,19306171.3629456,482654.284073639,348222.563407618
242,156198318.674805,242,108371544.287246,242,35440207.2537117,242,25524555.8112717,242,29803029.2978516,Nikonga River,120758111.421093,3018952.78552732,2071174.71189937
243,157581451.39624,243,125086278.492016,243,31251445.786171,243,25050591.4080505,243,34377811.3999023,Nikonga River,126330005.610069,3158250.14025173,2500892.17709913
244,146765089.288574,244,77058865.4921234,244,53660556.2933502,244,24653799.1423111,244,28636473.0561523,Mwalye,93104532.995224,2327613.3248806,1310126.65874531
245,266944895.145996,245,150612772.25914,245,70221478.9457159,245,34974509.6257172,245,56592955.8735352,Mwalye,196723416.20028,4918085.405007,2890956.56583557
246,999922.90625,246,722439.768749475,246,49228.6161956787,246,38404.1753692627,246,311160.520019531,Songa,950694.290054321,23767.357251358,17100.8898345053
247,73642459.6726074,247,47765615.8988893,247,11214249.7780609,247,7079533.57810974,247,12554088.4760742,Ugalla North,62428209.8945465,1560705.24736366,1017152.05801949
248,72235046.9575195,248,32082364.6322429,248,7594671.76837921,248,3435250.20684052,248,11754364.3095703,Tongwe East,64640375.1891403,1616009.37972851,716177.86063506
249,32027262.5692139,249,22533767.7667618,249,6949252.14770508,249,4706645.23019409,249,8428757.58251953,Muipa,25078010.4215088,626950.26053772,445678.063414192
250,4252363.21142578,250,3019468.02874207,250,201403.610189438,250,142917.62100029,250,905890.590820312,Sikonge,4050959.60123634,101273.990030909,71913.7601935446
251,27487762.6859131,251,43471468.6126709,251,6868710.28884125,251,11032456.1651688,251,7202394.51806641,Ugunda,20619052.3970718,515476.309926796,810975.311187553
252,23433886.7116699,252,19742498.7939119,252,2388579.60382843,252,1964585.57937813,252,6447790.77661133,Mpembapazi,21045307.1078415,526132.677696037,444447.830363345
253,116796526.572266,253,84981507.9747796,253,25429595.8255386,253,18829521.5431709,253,30510988.9790039,Nyonga,91366930.746727,2284173.26866817,1653799.66079022
254,13014125.8613281,254,9123135.99486947,254,1988126.3132019,254,1527601.90007019,254,2196414.60302734,Usumbwa,11025999.5481262,275649.988703156,189888.352369982
255,18841145.3022461,255,12408563.5306597,255,506397.514493942,255,328506.194801331,255,4404685.10449219,Msaginia,18334747.7877522,458368.694693804,302001.433396459
256,138888204.814819,256,73836778.8582742,256,15553556.022049,256,7956581.59131432,256,26036757.9985352,Mulele Hills,123334648.79277,3083366.21981926,1647004.931674
257,100185647.595947,257,67276871.0106075,257,8609334.57051277,257,5698043.27175331,257,20475676.7016602,Mpanda Line,91576313.0254345,2289407.82563586,1539470.69347135
258,103018144.670166,258,70822081.0226619,258,14984865.0201988,258,9892892.31681442,258,22624327.3168945,Wala River,88033279.6499672,2200831.99124918,1523229.71764619
259,149910662.484009,259,74849059.0846479,259,9099197.68952942,259,4472284.78229046,259,22907185.8515625,Mpanda North East,140811464.794479,3520286.61986198,1759419.35755894
260,90403381.8873291,260,61029193.5694993,260,16164491.6411171,260,11232290.7582874,260,18904790.7158203,Ugalla River,74238890.246212,1855972.2561553,1244922.5702803
261,19583026.5585938,261,26203803.5218358,261,3487669.35948372,261,5235686.21505356,261,10443769.1650391,Swangala,16095357.19911,402383.929977751,524202.932669556
262,82819261.0537109,262,35214650.5939066,262,13562898.0157471,262,6001941.89260864,262,13636995.5537109,Lukwati,69256363.0379639,1731409.0759491,730317.71753245
263,64843533.4580078,263,38254303.4692049,263,14858659.1015663,263,6511789.00868797,263,13980782.2275391,Mahale Mountain,49984874.3564415,1249621.85891104,793562.861512923
264,84337050.4080811,264,82618044.4544077,264,7389544.09762478,264,6152754.79151511,264,31008029.1235352,Katavi  National Park,76947506.3104563,1923687.65776141,1911632.24157231
265,13682120.7280273,265,14688911.0194743,265,1076578.30884933,265,1152375.43168259,265,3940685.51708984,Uwanda,12605542.419178,315138.56047945,338413.389694792
266,69975519.6940918,266,69527616.9716537,266,48649076.1315918,266,46943317.4640503,266,24385338.1147461,Coutada Official N. 9,21326443.5625,533161.0890625,564607.487690085
267,122646442.469971,267,120533641.432738,267,94774533.8460693,267,93533373.200531,267,41523213.4482422,Coutada official N.13,27871908.6239014,696797.715597534,675006.705805182
268,109414173.080322,268,32262028.6662579,268,0,268,0,268,17060756.4287109,Coutada N. 12,109414173.080322,2735354.32700806,806550.716656446
269,57856012.3902588,269,29142363.9030397,269,0,269,0,269,17345862.2304688,Coutada Oficial N. 10,57856012.3902588,1446400.30975647,728559.097575992
270,6441386.77246094,270,3817889.20755386,270,1079875.65484619,270,622011.740844727,270,1706178.27880859,Regime de vigilancia extinta da coutada 13 (Kanga,5361511.11761475,134037.777940369,79896.9366677284
271,13901313.9736328,271,7334723.67814779,271,5638.931640625,271,4961.29174804688,271,4891707.11425781,Regime de Vigilancia da Extinta coutada N. 1 (Piro,13895675.0419922,347391.876049805,183244.059659994
272,6582562.11987305,272,3302637.20020056,272,1648908.83900833,272,876806.257714272,272,2610203.32299805,Liwonde,4933653.28086472,123341.332021618,60645.7735621572
273,14391280.6835938,273,6220784.82397199,273,7927225.66426086,273,3360867.46353149,273,4999802.50537109,Majete,6464055.01933289,161601.375483322,71497.9340110123
274,73903584.19104,274,42520889.8686647,274,720900,274,417800,274,25248456.8310547,Parque Nacional da Gorongosa,73182684.19104,1829567.104776,1052577.24671662
275,19994676.5918884,275,27470780.354023,275,0,275,0,275,11665346.2939453,Marromeu,19994676.5918884,499866.914797211,686769.508850574
276,8262970.7722168,276,10011524.3330777,276,0,276,0,276,4834254.47998047,Coutada Oficial N. 14,8262970.7722168,206574.26930542,250288.108326942
277,56961897.5068359,277,22372944.9418664,277,0,277,0,277,12115954.0864258,Coutada N. 11,56961897.5068359,1424047.4376709,559323.62354666
278,970194.666992188,278,434813.004720211,278,1439363.58398438,278,687297.488037109,278,229113.063964844,Gewane,-469168.916992188,-11729.2229248047,-6312.11208292246
279,612119.137939453,279,505347.691577673,279,1112360.29199219,279,922378.546630859,279,479179.464355469,Alledeghi,-500241.154052734,-12506.0288513184,-10425.7713763297
280,0,280,0,280,0,280,0,280,0,Yangudi Rassa,0,0,0
281,749752.747436523,281,974813.780260086,281,2077338.72021484,281,2601985.33227539,281,464896.045410156,Eastern Hararghe (Harar-Wabi Shebelle),-1327585.97277832,-33189.649319458,-40679.2888003826
282,521378.418457031,282,379995.189583302,282,0,282,0,282,118056.470947266,Kitapilimwa,521378.418457031,13034.4604614258,9499.87973958254
283,1453936.11914062,283,532323.642796278,283,0,283,0,283,327276.619140625,Ruhidji/Ifinga O.A.,1453936.11914062,36348.4029785156,13308.0910699069
284,1667685.03027344,284,567632.128959894,284,0,284,0,284,330964.170898438,Tamburu,1667685.03027344,41692.1257568359,14190.8032239974
285,598014.70703125,285,161296.758979559,285,0,285,0,285,154200.418945312,North Maramagambo,598014.70703125,14950.3676757812,4032.41897448897
286,887712.764526367,286,316851.767277718,286,0,286,0,286,985522.470703125,Kigezi,887712.764526367,22192.8191131592,7921.29418194294
287,547858.861328125,287,563953.650987148,287,58015.5732421875,287,81197.6074829102,287,224584.809082031,Ulyankulu,489843.288085938,12246.0822021484,12068.901087606
288,1572849.90722656,288,429591.642433405,288,87530.0003662109,288,31042.953578949,288,248677.002929688,Kungwe Bay,1485319.90686035,37132.9976715088,9963.7172213614
289,1728639.80273438,289,1208332.44151473,289,119647.70123291,289,84042.1080932617,289,417651.356445312,Ilunde,1608992.10150146,40224.8025375366,28107.2583355367
290,79682.1401367188,290,130989.451777935,290,58463.138671875,290,97400.1442871094,290,56650.6772460938,Naibunga Conservancy Trust,21219.0014648438,530.475036621094,839.732687270641
291,60186971.5964355,291,35269211.3873541,291,0,291,0,291,17089136.8017578,Luhombero Luwegu,60186971.5964355,1504674.28991089,881730.284683853
292,26616884.6694946,292,9339560.24352312,292,11010384.8394165,292,3838785.16708183,292,22557481.4379883,Virunga,15606499.8300781,390162.495751953,137519.376911032
293,2532553.58227539,293,5429569.96222734,293,0,293,0,293,1483939.46459961,Sabie Sands Private Nature Reserve,2532553.58227539,63313.8395568848,135739.249055684
294,17926599.0440674,294,16754354.008615,294,3883425.95358849,294,3633605.11358166,294,9416579.48632812,Bouba Ndjida,14043173.0904789,351079.327261972,328018.722375834
295,19758888.2196045,295,16189492.9949462,295,7044695.58022308,295,5678586.53310394,295,7704566.6394043,Benoue,12714192.6393814,317854.815984535,262772.661546057
296,185307740.36084,296,89424590.200299,296,24128502.6436768,296,11665432.8053207,296,33022311.5649414,Mulele Hills,161179237.717163,4029480.94292908,1943978.93487446
297,5592772.30566406,297,3514127.81719565,297,267942.873413086,297,173963.728134155,297,1082452.20947266,Uvinza,5324829.43225098,133120.735806274,83504.1022265375
298,84240661.0026855,298,53150837.4926388,298,11124588.4755402,298,7807728.9017868,298,18637657.4204102,Rungwa River,73116072.5271454,1827901.81317863,1133577.7147713
299,31844571.4417725,299,35776728.1176507,299,3140315.5313797,299,3404525.08057213,299,7092465.61083984,Wala River,28704255.9103928,717606.397759819,809305.075926965
300,83543.3657226562,300,57697.6856708527,300,320638.65234375,300,234852.641845703,300,110580.87890625,Afdem-Gewane,-237095.286621094,-5927.38216552734,-4428.87390437126
301,135691.775512695,301,204201.021790504,301,3234.63206672668,301,4120.14458847046,301,87854.5869140625,Bwabwata,132457.143445969,3311.42858614922,5002.02193005085
302,1695912.33398438,302,461385.033750534,302,0,302,0,302,321425.808105469,Nyanganje,1695912.33398438,42397.8083496094,11534.6258437634
303,223298.55078125,303,197044.271451235,303,226160.212402344,303,201362.614746094,303,129024.662109375,Lwala,-2861.66162109375,-71.5415405273438,-107.958582371473
304,0,304,0,304,0,304,0,304,0,Khutse,0,0,0
305,2889232.89331055,305,2980429.25149202,305,1985432.71679688,305,2086611.37756348,305,1103278.72265625,Lumimba,903800.176513672,22595.0044128418,22345.4468482137
306,240488035.74884,306,174715155.049253,306,2987307.27929688,306,1097043.55566406,306,68913482.0852051,Reserva Parcial de Ca√ßa do Niassa,237500728.469543,5937518.21173859,4340452.78733971
307,2204058.30371094,307,1011720.39564848,307,2481497.79931641,307,1141698.29443359,307,545648.761230469,Lumimba,-277439.495605469,-6935.98739013672,-3249.44746962786
308,5783691.87084961,308,2499698.06078076,308,3842816.75732422,308,1650102.6706543,308,1099584.73144531,Mukungule,1940875.11352539,48521.8778381348,21239.8847531617
309,225633.344543457,309,109101.475799084,309,0,309,0,309,195297.073730469,Kiunga,225633.344543457,5640.83361358643,2727.53689497709
310,0,310,0,310,0,310,0,310,0,Uukolonkadhi Ruacana,0,0,0
311,2643359.12719727,311,2033924.9114573,311,0,311,0,311,991324.013183594,Zoraninge,2643359.12719727,66083.9781799316,50848.1227864325
312,1018486.13592529,312,417537.831681967,312,638010.297607422,312,264921.027282715,312,869808.220703125,Loliondo GCA,380475.838317871,9511.89595794678,3815.4201099813
313,505371.058044434,313,862246.39929533,313,96651.6421966553,313,170936.212303162,313,631934.0390625,Ol Pejeta Conservancy,408719.415847778,10217.9853961945,17282.7546748042
314,61985365.8363647,314,40000042.5281823,314,14042193.6358681,314,8613971.51302528,314,33125504.6137695,Murchison Falls,47943172.2004967,1198579.30501242,784651.775378925
315,5847875.92822266,315,1952423.94011021,315,372181.010541916,315,130690.484386683,315,3566331.46142578,Toro,5475694.91768074,136892.372942018,45543.3363930881
316,1314608.84472656,316,919677.903819084,316,472776.342681885,316,308116.100982666,316,575521.803710938,Mondo Missa,841832.502044678,21045.8125511169,15289.0450709105
317,4566863.92163086,317,2718647.68084288,317,3508740.94061279,317,2082314.65516663,317,2567318.48339844,Garamba,1058122.98101807,26453.0745254517,15908.3256419063
318,77226232.0153809,318,51399675.8388937,318,33543883.0019455,318,21989199.4914322,318,39856839.065918,Garamba,43682349.0134354,1092058.72533588,735261.908686537
319,237182285.830078,319,147516190.290844,319,132752759.242249,319,81304958.7019348,319,50832965.0161133,Zemongo,104429526.58783,2610738.16469574,1655280.78972274
320,22066008.2097168,320,15464417.0475423,320,13406522.1330261,320,9395463.35894775,320,7141341.69042969,Ruiga River,8659486.07669067,216487.151917267,151723.842214865
321,23096302.6071777,321,16228076.6296864,321,14199287.4975662,321,9971574.66877747,321,7594450.62255859,Ruiga River,8897015.10961151,222425.377740288,156412.549022722
322,9926923.95874023,322,8055474.04754758,322,1112738.20532465,322,824880.071504116,322,3616573.80566406,Kasongoye,8814185.75341558,220354.64383539,180764.849401087
323,12506486.2408142,323,14113675.0671744,323,4718753.83415794,323,5347423.86385918,323,8384843.85302734,Akagera,7787732.40665627,194693.310166407,219156.280082881
324,0,324,0,324,0,324,0,324,0,Otuzemba,0,0,0
325,0,325,0,325,0,325,0,325,0,Uibasen Twyfelfontein,0,0,0
326,0,326,0,326,0,326,0,326,0,Ehirovipuka,0,0,0
327,0,327,0,327,0,327,0,327,0,Ozondundu,0,0,0
328,0,328,0,328,0,328,0,328,0,Orupupa,0,0,0
329,0,329,0,329,0,329,0,329,0,Otjambangu,0,0,0
330,0,330,0,330,0,330,0,330,0,Doro nawas,0,0,0
331,0,331,0,331,0,331,0,331,0,Omatendeka,0,0,0
332,0,332,0,332,0,332,0,332,0,Sheya Shuushona,0,0,0
333,0,333,0,333,0,333,0,333,0,Anabeb,0,0,0
334,0,334,0,334,0,334,0,334,0,Sesfontein,0,0,0
335,0,335,0,335,0,335,0,335,0,King Nehale,0,0,0
336,0,336,0,336,0,336,0,336,0,Torra,0,0,0
337,0,337,0,337,0,337,0,337,0,Otjimboyo,0,0,0
338,0,338,0,338,0,338,0,338,0,Tsiseb,0,0,0
339,0,339,0,339,0,339,0,339,0,Okangundumba,0,0,0
340,0,340,0,340,0,340,0,340,0,Ongongo,0,0,0
341,0,341,0,341,0,341,0,341,0,Puros,0,0,0
342,0,342,0,342,0,342,0,342,0,Okondjombo,0,0,0
343,0,343,0,343,0,343,0,343,0,Otjikondavirongo,0,0,0
344,0,344,0,344,0,344,0,344,0,Otjombande,0,0,0
345,0,345,0,345,0,345,0,345,0,Okongoro,0,0,0
346,0,346,0,346,0,346,0,346,0,Hobatere,0,0,0
347,0,347,0,347,0,347,0,347,0,Etendeka,0,0,0
348,0,348,0,348,0,348,0,348,0,Palmwag,0,0,0
349,1513864.78613281,349,2488621.63065076,349,197883.478820801,349,335302.842346191,349,420889.353027344,Etosha,1315981.30731201,32899.5326828003,53832.9697076142
350,0,350,0,350,0,350,0,350,0,Skeleton Coast Park,0,0,0
351,0,351,0,351,0,351,0,351,0,National West Coast Recreation Area,0,0,0
352,0,352,0,352,0,352,0,352,0,Kgalagadi Transfrontier Park,0,0,0
353,0,353,0,353,0,353,0,353,0,Kalahari Gemsbok (Kgalagadi Transfrontier Park),0,0,0
354,0,354,0,354,0,354,0,354,0,Eiseb,0,0,0
355,0,355,0,355,0,355,0,355,0,Ondjou,0,0,0
356,0,356,0,356,0,356,0,356,0,Omuramba Ua Mbinda,0,0,0
357,916432.921905518,357,1474555.56287169,357,282204.278892517,357,430692.698852539,357,879457.751953125,Nyae Nyae,634228.643013,15855.716075325,26096.5716004789
358,62237.2453613281,358,126190.672850609,358,12689.0093383789,358,25793.2248535156,358,78424.7568359375,Na Jaqna,49548.2360229492,1238.70590057373,2509.93619992733
359,1820381.55761719,359,3451091.36691093,359,139341.484864235,359,264075.030682087,359,878722.687011719,Khaudum,1681040.07275295,42026.0018188238,79675.4084057212
360,2834198.43652344,360,4204650.50004721,360,1029138.79138184,360,1509428.33349609,360,1242550.38134766,Ndotos Range,1805059.6451416,45126.49112854,67380.5541637778
361,19055241.5079346,361,19787353.4336686,361,5367706.52575684,361,5914804.27441406,361,7218319.05371094,Matthews Range,13687534.9821777,342188.374554443,346813.728981364
362,1234649.83398438,362,369732.394993305,362,362708.629882812,362,109948.233154297,362,518758.434082031,Marsabit,871941.204101562,21798.5301025391,6494.60404597521
363,7169823.26208496,363,8982633.62654448,363,6981484.40722656,363,8633235.25048828,363,5165331.19091797,Zulia,188338.854858398,4708.47137145996,8734.95940140486
364,83312.8583984375,364,100566.898441315,364,106526.375976562,364,126366.393554688,364,48063.2045898438,Zulia,-23213.517578125,-580.337939453125,-644.98737783432
365,32599.6181640625,365,62912.7113521099,365,12255.890625,365,23656.376953125,365,14313.5927734375,Kalama Community Wildlife Conservancy,20343.7275390625,508.593188476562,981.408359974623
366,13275.9931640625,366,6219.38400268555,366,7925.9423828125,366,3713.05419921875,366,8397.23828125,Ltungai Community Conservancy Trust,5350.05078125,133.75126953125,62.6582450866699
367,21706.861328125,367,39916.3456976414,367,26375.5615234375,367,48501.53125,367,15953.5849609375,Meibae Community Conservancy,-4668.7001953125,-116.717504882813,-214.629638808966
368,525702.394042969,368,837997.783559561,368,384756.034667969,368,625480.393554688,368,333702.727050781,Mpus Kutuk Community Conservancy,140946.359375,3523.658984375,5312.93475012183
369,409468.900878906,369,710394.437134266,369,237686.040771484,369,427721.266723633,369,282268.445800781,Naibunga Conservancy Trust,171782.860107422,4294.57150268555,7066.82926026583
370,0,370,0,370,0,370,0,370,0,Sera Community Conservancy,0,0,0
371,0,371,0,371,0,371,0,371,0,Shura Community Conservancy,0,0,0
372,0,372,0,372,0,372,0,372,0,West Gate Community Conservancy,0,0,0
373,0,373,0,373,0,373,0,373,0,Segera,0,0,0
374,5880.47900390625,374,1592.98281669617,374,11346.373046875,374,3073.6572265625,374,7044.970703125,Ngorare,-5465.89404296875,-136.647351074219,-37.0168602466583
375,0,375,0,375,0,375,0,375,0,Ol Jogi Ranch,0,0,0
376,0,376,0,376,0,376,0,376,0,Mpala,0,0,0
377,0,377,0,377,0,377,0,377,0,Loisaba Wilderness,0,0,0
378,14584.2216796875,378,28260.2684855461,378,8128.69384765625,378,15751.205078125,378,9112.341796875,Mugie,6455.52783203125,161.388195800781,312.726585185528
379,127811.206054688,379,245842.841267586,379,105759.231445312,379,203371.78125,379,81784.8662109375,Laikipia,22051.974609375,551.299365234375,1061.77650043964
380,5333591.08190918,380,7425916.27536416,380,6276548.2253418,380,8758678.16711426,380,2188653.86425781,Murle,-942957.143432617,-23573.9285858154,-33319.0472937524
381,390993.288085938,381,443260.821628571,381,455437.107910156,381,494616.696044922,381,123339.583007812,Chelbi,-64443.8198242188,-1611.09549560547,-1283.89686040878
382,0,382,0,382,0,382,0,382,0,Samburu,0,0,0
383,882593.58203125,383,492843.751937151,383,497040.502441406,383,283091.318359375,383,493863.508789062,Maralai,385553.079589844,9638.82698974609,5243.8108394444
384,0,384,0,384,0,384,0,384,0,Losai,0,0,0
385,3857829.07958984,385,2575810.30892134,385,1569007.74609375,385,953247.115356445,385,1869010.3515625,KWCA Conservancy no.1,2288821.33349609,57220.5333374023,40564.0798391223
386,0,386,0,386,0,386,0,386,0,KWCA Conservancy no.2,0,0,0
387,3066696.09973145,387,2556467.18226075,387,1940564.96038818,387,1914143.87609863,387,1536417.44726562,KWCA Conservancy no.3,1126131.13934326,28153.2784835815,16058.082654053
388,2500348.84619141,388,4199353.55840325,388,885733.741577148,388,1481915.87823486,388,1062785.07495117,KWCA Conservancy no. 4,1614615.10461426,40365.3776153564,67935.9420042098
389,564205.590576172,389,723438.770753145,389,0,389,0,389,229295.23046875,Chitsa Wildlife Management Area,564205.590576172,14105.1397644043,18085.9692688286
390,31335500.9281616,390,30242370.9609807,390,0,390,0,390,17204623.2521973,Save Conservancy,31335500.9281616,783387.52320404,756059.274024516
391,13611914.2963867,391,12672792.876488,391,9303837.44296265,391,8702991.7779541,391,5352220.10644531,Doma,4308076.85342407,107701.921335602,99245.0274633467
392,7608603.90893555,392,10203572.631222,392,4157734.45314789,392,6026711.51399612,392,4633494.89111328,Omo West,3450869.45578766,86271.7363946915,104421.527930647
393,2732930.42810059,393,2509309.28331017,393,210880.88817215,393,204031.261087418,393,2473404.45605469,Tedo,2522049.53992844,63051.2384982109,57631.9505555689
394,24103482.7437744,394,38947606.5313399,394,2161786.49953365,394,3583698.7658999,394,13751091.6401367,Tedo,21941696.2442408,548542.406106019,884097.694136
395,13215483.331665,395,10134488.1862938,395,16025052.5432129,395,12130304.9364014,395,9061248.50830078,Nechisar,-2809569.21154785,-70239.2302886963,-49895.4187526882
396,81989432.8055878,396,136070766.944987,396,20092635.4292994,396,34413076.6028132,396,81379894.4091797,Boma,61896797.3762884,1547419.93440721,2541442.25855433
397,0,397,0,397,0,397,0,397,0,Awash,0,0,0
398,68611576.4973145,398,69341684.8590016,398,6610185.45884919,398,6418580.19132161,398,32909727.4453125,Gambella,62001391.0384653,1550034.77596163,1573077.616692
399,21554861.640625,399,35168859.9409759,399,3645768.22499657,399,6181174.23404312,399,15927428.3217773,Akobo,17909093.4156284,447727.335390711,724692.14267332
400,1932364.60836792,400,1346522.35831022,400,4373938.27185059,400,3215199.17578125,400,870619.791503906,Awash West,-2441573.66348267,-61039.3415870667,-46716.9204367757
401,52199572.1508789,401,59616642.6941454,401,24014531.2911987,401,28014106.696106,401,15644673.5224609,Tama,28185040.8596802,704626.021492004,790063.399950987
402,0,402,0,402,0,402,0,402,0,Awash West,0,0,0
403,16384297.6522217,403,20046842.5659835,403,10755093.0227051,403,13977007.2657471,403,5519673.22363281,Mago,5629204.6295166,140730.115737915,151745.882505912
404,39210525.0187988,404,39847928.3516824,404,14892924.0431213,404,15081308.3456879,404,15665358.9179688,Omo,24317600.9756775,607940.024391937,619165.500149864
405,10667497.885376,405,17899476.4590561,405,298996.694494724,405,509042.535729647,405,11262635.5180664,Alatish,10368501.1908813,259212.529772031,434760.848083162
406,10207909.1731262,406,20431516.8607891,406,1273152.34827924,406,2101698.53585076,406,11947072.9672852,Dinder,8934756.82484698,223368.920621175,458245.458123457
407,3627859.92681885,407,3690967.926687,407,408038.632514954,407,420120.281417847,407,3575347.22045898,Ngamo,3219821.29430389,80495.5323575973,81771.1911317289
408,12525725.6732178,408,17105863.8922215,408,3430850.88592339,408,4707088.07902336,408,6949819.49951172,Chirisa,9094874.78729439,227371.86968236,309969.395329952
409,4615179.63598633,409,4835518.00833344,409,0,409,0,409,2858280.65966797,Malilangwe Conservancy,4615179.63598633,115379.490899658,120887.950208336
410,6311354.29882812,410,8581759.94030833,410,6805339.76049805,410,9120110.05596924,410,4657477.9387207,Main Conservancy _ Bubye,-493985.461669922,-12349.636541748,-13458.7528915226
411,13293420.1544189,411,18178638.5179222,411,0,411,0,411,8818163.02636719,Hluhluwe - Umfolozi,13293420.1544189,332335.503860474,454465.962948054
412,35865533.4970703,412,14486004.9128592,412,30545800.6230469,412,12235588.0438232,412,4653730.84545898,Ndenda,5319732.87402344,132993.321850586,56260.421725899
413,2103060.92285156,413,749601.922494173,413,1287155.9296875,413,452278.041992188,413,220735.159179688,Ndesha,815904.993164062,20397.6248291016,7433.09701254964
414,12987187.3266602,414,4063932.79957175,414,12378368.2768555,414,3881824.70849609,414,1343831.76660156,Kamona,608819.049804688,15220.4762451172,4552.70227689147
415,68548856.6026611,415,34311137.1894658,415,61594782.9221191,415,31856638.2985229,415,12027341.7661133,Nsumbu,6954073.68054199,173851.84201355,61362.4722735703
416,19652872.4599609,416,14951776.6043007,416,17705826.0762634,416,14026163.286438,416,5256930.72363281,Tondwa,1947046.38369751,48676.1595924377,23140.3329465687
417,6087554.79077148,417,10274581.2350452,417,1975420.16796875,417,3327525.13598633,417,2432852.5324707,Marakele,4112134.62280273,102803.365570068,173676.402476472
418,0,418,0,418,0,418,0,418,0,GH/3 Wildlife Management Area,0,0,0
419,0,419,0,419,0,419,0,419,0,GH/10 Wildlife Management Area,0,0,0
420,0,420,0,420,0,420,0,420,0,Central Kalahari,0,0,0
421,1076544.10510254,421,2161695.64685225,421,229258.203826904,421,461289.232421875,421,654607.343261719,Madikwe,847285.901275635,21182.1475318909,42510.1603607595
422,1663965.80895996,422,3139134.80630517,422,814757.48348999,422,1523912.3494873,422,1306820.22167969,Pilansberg,849208.325469971,21230.2081367493,40380.5614204466
423,78813870.2507324,423,43544902.8963625,423,0,423,0,423,14368675.7443848,Mbarang'andu WMA,78813870.2507324,1970346.75626831,1088622.57240906
424,36655030.2145996,424,21825238.0347669,424,0,424,0,424,7295711.85229492,Muhuwesi,36655030.2145996,916375.75536499,545630.950869173
425,22848514.809082,425,16773484.888351,425,0,425,0,425,5917725.06787109,Ruvuma O.A.,22848514.809082,571212.870227051,419337.122208774
426,38183943.017334,426,22763591.5465176,426,0,426,0,426,7833897.74804688,Mtungwe O.A. (C),38183943.017334,954598.57543335,569089.78866294
427,50719476.9516602,427,24262718.1025445,427,12244704.0068207,427,5913001.26829529,427,13794917.0791016,Bloco D Desocupado,38474772.9448395,961869.323620987,458742.920856231
428,31230090.3183899,428,36138813.3770585,428,0,428,0,428,12482510.8100586,Bloco B Kambaco,31230090.3183899,780752.257959747,903470.334426463
429,62269224.1441345,429,71293217.3330426,429,0,429,0,429,24170597.7316895,Bloco C Luwiri,62269224.1441345,1556730.60360336,1782330.43332607
430,85259551.2543945,430,35444971.4021564,430,0,430,0,430,19530839.2805176,Bloco D2 Dr. Read,85259551.2543945,2131488.78135986,886124.285053909
431,70411918.9950562,431,58755118.8475668,431,28099528.4005308,431,22055378.4702063,431,22055174.0512695,Bloco E Niassa Hunter,42312390.5945253,1057809.76486313,917493.509434015
432,18317740.0786133,432,15992330.776298,432,0,432,0,432,4936064.31884766,Mwambesi,18317740.0786133,457943.501965332,399808.269407451
433,13088666.0063477,433,6490978.0652523,433,0,433,0,433,2189337.10693359,Sasawara,13088666.0063477,327216.650158691,162274.451631308
434,114297818.801514,434,46683348.6708164,434,99028309.722168,434,40727215.1922607,434,19660051.2729492,Luangwa,15269509.0793457,381737.726983643,148903.336963892
435,79865049.5405273,435,43230215.6242788,435,80516193.8474121,435,48444480.4792175,435,21264075.029541,Luangwa,-651144.306884766,-16278.6076721191,-130356.621373469
436,16979487.7519531,436,11918098.8644481,436,12536994.8081055,436,8689790.644104,436,4357722.87841797,Lundazi,4442492.94384766,111062.323596191,80707.7055086017
437,71223677.7505798,437,57229686.5892291,437,69090459.0457764,437,55453346.4871826,437,25337002.5297852,Lumimba,2133218.70480347,53330.4676200867,44408.5025511622
438,90158913.6164551,438,51014742.3399329,438,75889299.8547363,438,44929796.265686,438,24320236.3269043,North Luangwa,14269613.7617188,356740.344042969,152123.651856172
439,56918708.1755981,439,42590231.7091405,439,64869293.2348633,439,49989719.243103,439,18539722.4243164,Lupande,-7950585.05926514,-198764.626481628,-184987.188349062
440,29414955.4957275,440,21892804.6590745,440,30203172.8792725,440,22986643.12146,440,7211485.23828125,Sandwe,-788217.383544922,-19705.434588623,-27345.9615596354
441,308937641.848907,441,226753725.031418,441,259062701.588364,441,194389514.251137,441,77590009.1818848,Musalangu,49874940.2605438,1246873.5065136,809105.269507021
442,167442572.738495,442,91439184.5657349,442,168420321.167358,442,97439509.2119141,442,48413171.1496582,South Luangwa,-977748.428863525,-24443.7107215881,-150008.11615448
443,57922946.9108887,443,27906800.4719615,443,15037155.9942017,443,8118830.48266602,443,8668535.09375,Chibwika-Ntambu,42885790.916687,1072144.77291718,494699.249732387
444,4349673.82336426,444,4375317.15478897,444,4837016.44125366,444,4911332.80303955,444,1859993.19213867,Luambe,-487342.617889404,-12183.5654472351,-13400.3912062645
445,46738984.2539062,445,31965698.5332429,445,34052481.5863037,445,23127817.9265747,445,12821946.2885742,Lukusuzi,12686502.6676025,317162.566690063,220947.015166706
446,3997818.42297363,446,5135613.8104558,446,628044.220947266,446,708948.506523132,446,1511245.44433594,Chapoto Wildlife Management Area,3369774.20202637,84244.3550506592,110666.632598317
447,529427.450195312,447,767384.990638494,447,228077.60256958,447,212965.680358887,447,394112.599609375,Nabiri A Wildlife Management Area,301349.847625732,7533.74619064331,13860.4827569902
448,14242223.3831177,448,18564934.4037294,448,3119492.40724945,448,4712845.68843842,448,7389692.25195312,Matusadona,11122730.9758682,278068.274396706,346302.217882276
449,7850184.74023438,449,2962123.1577456,449,7767291.02099609,449,2931910.31738281,449,1099476.13134766,Forest Reserve Name Unknown (ZMB) No.64,82893.7192382812,2072.34298095703,755.321009069681
450,5991948.76123047,450,3533686.73950434,450,4270811.59277344,450,2513850.29345703,450,1208743.01049805,Forest Reserve Name Unknown (ZMB) No.79,1721137.16845703,43028.4292114258,25495.9111511827
451,16072719.425293,451,6400546.19056582,451,8747534.93347168,451,3516645.54425049,451,2145275.27490234,Kabanga,7325184.49182129,183129.612295532,72097.5161578834
452,112713746.769287,452,93012297.7904201,452,14311564.1087646,452,11406031.1842976,452,28720399.3952637,Luano,98402182.6605225,2460054.56651306,2040156.66515306
453,5612441.97705078,453,9879227.81688571,453,1998034.00616455,453,3446919.96364594,453,1730262.87304688,Kanyurira,3614407.97088623,90360.1992721558,160807.696330994
454,42369729.1137695,454,16030607.8248739,454,33542156.9686279,454,12622133.4801025,454,5708935.61962891,Luena,8827572.1451416,220689.30362854,85211.8586192846
455,229474981.069092,455,86934923.1252611,455,170089576.660461,455,65833559.6278076,455,29205538.0275879,East Lunga,59385404.4086304,1484635.11021576,527534.087436336
456,91723.9765625,456,83912.9429638386,456,30960.0148925781,456,28577.8129272461,456,70088.5063476562,Ila (Zambia),60763.9616699219,1519.09904174805,1383.37825091481
457,291928293.573975,457,140938611.945796,457,190978385.125061,457,96972968.7932892,457,45642876.6328125,Kasanga,100949908.448914,2523747.71122284,1099141.07881267
458,46075753.7818604,458,67905082.0280552,458,32816090.369812,458,47174403.8626556,458,15876375.3486328,Hurungwe,13259663.4120483,331491.585301208,518266.954134989
459,24678736.1541138,459,37679143.7038541,459,9824352.41639709,459,14910964.7948074,459,10881051.0380859,Charara,14854383.7377167,371359.593442917,569204.472726166
460,21086624.6538086,460,33122734.0613663,460,16615142.3762817,460,27535862.3633423,460,5258850.50048828,Sapi,4471482.27752686,111787.056938171,139671.792450601
461,7575220.25952148,461,11667226.7996907,461,497170.16746521,461,811404.463226318,461,2536278.72094727,Dande,7078050.09205627,176951.252301407,271395.55841161
462,51239221.4707031,462,71718375.5712032,462,26395668.756546,462,38083851.4751968,462,19561171.0690918,Chewore,24843552.7141571,621088.817853928,840863.10240016
463,35054724.5546875,463,49220029.4634342,463,41342536.4702148,463,57860528.2030029,463,9392881.35620117,Mana Pools,-6287811.91552734,-157195.297888184,-216012.468489218
464,49178869.9711914,464,42111647.3314166,464,37958001.7450562,464,34074336.180542,464,14078757.8654785,Namwala,11220868.2261353,280521.705653381,200932.778771865
465,110575106.994263,465,72307516.8888807,465,28473285.4357786,465,17092798.8007078,465,26812768.5595703,Lower Zambezi,82101821.5584841,2052545.5389621,1380367.95220432
466,205402228.126953,466,121475679.162323,466,154150419.372559,466,85962274.0284271,466,36137060.6943359,Kasonso-Busanga,51251808.7543945,1281295.21885986,887835.128347409
467,49803808.7067871,467,25476025.5407572,467,44613669.6533203,467,23447150.1077881,467,10324742.7099609,Chiawa,5190139.0534668,129753.47633667,50721.8858242273
468,72992138.0812988,468,52751454.5348108,468,9770838.19065094,468,7530458.20770264,468,18146648.7661133,Rufunsa,63221299.8906479,1580532.4972662,1130524.9081777
469,78096367.269043,469,55379178.1018853,469,25664617.8487854,469,18273557.8954163,469,20766315.328125,West Petauke,52431749.4202576,1310793.73550644,927640.505161726
470,13322932.7283936,470,21698410.8875215,470,0,470,0,470,3410028.81738281,Tsavo East,13322932.7283936,333073.318209839,542460.272188038
471,0,471,0,471,0,471,0,471,0,Arawale,0,0,0
472,391016.487792969,472,179848.738342524,472,0,472,0,472,301110.450683594,Tana River Primate,391016.487792969,9775.41219482422,4496.21845856309
473,526109.27355957,473,235950.000280142,473,0,473,0,473,545420.862304688,Tana River Primate,526109.27355957,13152.7318389893,5898.75000700355
474,10199136.8044434,474,6372503.35586071,474,0,474,0,474,4114278.015625,Dodori,10199136.8044434,254978.420111084,159312.583896518
475,1648929.5401001,475,784593.256354332,475,0,475,0,475,1566344.50488281,Lower Tana Delta Conservation Trust,1648929.5401001,41223.2385025024,19614.8314088583
476,2771340.65612793,476,2029562.65745759,476,0,476,0,476,1177681.52148438,Awer Community Conservancy,2771340.65612793,69283.5164031982,50739.0664364398
477,5533983.95898438,477,2247360.46264172,477,0,477,0,477,4275419.24951172,Hanshak-Nyongoro Community Conservancy,5533983.95898438,138349.598974609,56184.0115660429
478,2678870.72320557,478,1418854.34204936,478,0,478,0,478,1860268.1875,Ishaqbini Hirola Community Conservancy,2678870.72320557,66971.7680801392,35471.358551234
479,1032358.22848511,479,1173594.47749257,479,0,479,0,479,632760.315429688,Kiunga Marine Conservancy,1032358.22848511,25808.9557121277,29339.8619373143
480,65097.1904296875,480,116716.99192524,480,8096.76290893555,480,15424.0323791504,480,19937.9482421875,Waza,57000.427520752,1425.0106880188,2532.32398865223
481,11240256.5378418,481,22205975.9382129,481,626792.964715242,481,1238637.70846963,481,7005364.10473633,Zakouma,10613463.5731266,265336.589328164,524183.455743581
482,1198977.20310974,482,1798730.05286455,482,1974995.97554588,482,2921499.33627701,482,3981345.49414062,Pendjari,-776018.772436142,-19400.4693109036,-28069.2320853114
483,228009.808349609,483,406436.561107635,483,8490.32525157928,483,17129.1773414612,483,210589.675292969,Singou,219519.48309803,5487.98707745075,9732.68459415436
484,6006635.65301514,484,8730666.82964563,484,1733775.85303497,484,2645089.61731339,484,6448655.91894531,Boucle de la Pendjari,4272859.79998016,106821.494999504,152139.430308306
485,3211228.90020752,485,5591380.66099286,485,694390.797015667,485,1215323.81229544,485,3456521.72875977,Djona,2516838.10319185,62920.9525797963,109401.421217436
486,267642.454833984,486,480028.732341528,486,54527.754032135,486,92348.703540802,486,361373.461914062,Arly,213114.700801849,5327.86752004623,9692.00072001815
487,461452.991943359,487,698822.637462616,487,222944.192276001,487,320155.444335938,487,421842.090820312,Madjoari,238508.799667358,5962.71999168396,9466.67982816696
488,6832839.0213623,488,13052759.6380353,488,344069.036398411,488,680774.921728134,488,4370058.10693359,W du Burkina Faso,6488769.98496389,162219.249624097,309299.617907679
489,421600.630737305,489,655008.87953043,489,251383.121398926,489,395376.753631592,489,426613.432861328,Arly,170217.509338379,4255.43773345947,6490.80314747095
490,1348540.18759155,490,2117028.09516191,490,83948.6614055634,490,132060.022268295,490,1569994.15600586,Kourtiagou,1264591.52618599,31614.7881546497,49624.2018223405
491,23103.4183349609,491,5848.18869829178,491,3250.73769378662,491,846.669193267822,491,24707.0776367188,Tamou,19852.6806411743,496.317016029358,125.037987625599
492,17880399.5905151,492,32358824.3474185,492,1662657.8008852,492,2971290.7258625,492,9088183.43945312,W (Benin),16217741.7896299,405443.544740748,734688.340538901
493,132809.900390625,493,254389.56938982,493,28335.1225585938,493,54273.744140625,493,35843.388671875,Okanguati,104474.777832031,2611.86944580078,5002.89563122988
494,0,494,0,494,0,494,0,494,0,Otjitanda,0,0,0
495,0,495,0,495,0,495,0,495,0,Orupembe,0,0,0
496,0,496,0,496,0,496,0,496,0,Uukolonkadhi Ruacana,0,0,0
497,0,497,0,497,0,497,0,497,0,Sanitatas,0,0,0
498,0,498,0,498,0,498,0,498,0,Epupa,0,0,0
499,0,499,0,499,0,499,0,499,0,Marienfluss,0,0,0
500,99110.9169921875,500,191034.488904476,500,14357.5841064453,500,27733.3411865234,500,25377.9638671875,Kunene River,84753.3328857422,2118.83332214355,4082.52869294882
501,388486.330078125,501,700713.731849194,501,61657.7841796875,501,108554.958251953,501,76461.7905273438,Ombazu,326828.545898438,8170.71364746094,14803.969339931
502,363715.268981934,502,540253.392505646,502,52989.6532917023,502,86152.0646257401,502,327139.299804688,Pama,310725.615690231,7768.14039225578,11352.5331969976
503,19360004.3983154,503,10715535.8049393,503,0,503,0,503,10286549.2871094,Handeni GCA,19360004.3983154,484000.109957886,267888.395123482
504,10935048.3859863,504,14204963.8305545,504,0,504,0,504,5693632.82666016,Saadani National Park,10935048.3859863,273376.209649658,355124.095763862
505,105940273.159729,505,104692610.746223,505,57001172.7879486,505,56469101.6044159,505,45056892.9516602,Niokolo-Koba,48939100.3717804,1223477.50929451,1205587.72854517
506,23701262.2297668,506,35249946.304065,506,23426047.3103943,506,35819720.194191,506,22465459.7792969,Loliondo GCA,275214.919372559,6880.37298431396,-14244.3472531497
507,665552.043334961,507,858802.382993698,507,183846.086669922,507,262233.41283226,507,3021296.95605469,Ikona WMA,481705.956665039,12042.648916626,14914.2242540359
508,827546.58605957,508,834854.322946072,508,835910.078056335,508,884403.499814987,508,3804478.79541016,Grumeti G.R.,-8363.49199676514,-209.087299919128,-1238.72942172289
509,2400082.53900146,509,3528271.81232572,509,387068.400245667,509,640340.818695068,509,4686231.22509766,Ikorongo G.R.,2013014.1387558,50325.353468895,72198.2748407662
510,4127324.70855713,510,4278079.40014601,510,901394.701648712,510,980994.023963928,510,2141333.99023438,Mukogodo,3225930.00690842,80648.2501727104,82427.134404552
511,3669345.38290405,511,2767190.64760804,511,1797408.63774109,511,1888347.24381447,511,10448471.9277344,Masai Mara,1871936.74516296,46798.4186290741,21971.0850948393
512,266963.731933594,512,71443.4258639812,512,0,512,0,512,76263.5444335938,Kora,266963.731933594,6674.09329833984,1786.08564659953
513,293056.020935059,513,120277.876245975,513,22883.4308776855,513,9399.4934387207,513,182768.946289062,Nairobi,270172.590057373,6754.31475143433,2771.95957018137
514,44071179.8449249,514,66176639.9621487,514,23398500.7908421,514,36441786.0548406,514,64698195.5761719,Serengeti National Park,20672679.0540829,516816.976352072,743371.347682703
515,123342.824707031,515,226917.062902451,515,19729.6660766602,515,36292.6925048828,515,83229.9858398438,Leparua Community Conservancy,103613.158630371,2590.32896575928,4765.60925993919
516,0,516,0,516,0,516,0,516,0,Biliqo-Bulesa Community Conservancy,0,0,0
517,293871.470458984,517,413689.097839594,517,60406.3595581055,517,83579.8134765625,517,263548.75,Il Ngwesi Community Trust,233465.110900879,5836.62777252197,8252.73210907579
518,65311.95703125,518,79512.0440125465,518,15649.1518554688,518,19330.6606445312,518,30933.623046875,Nakuprat-Gotu Community Conservancy,49662.8051757812,1241.57012939453,1504.53458420038
519,312815.278808594,519,561747.451448441,519,86422.4528808594,519,154530.170776367,519,175708.731933594,Nasuulu Community Wildlife Conservancy,226392.825927734,5659.82064819336,10180.4320168018
520,261292.797119141,520,364613.855725527,520,80426.0458984375,520,101833.701965332,520,154959.270507812,Shompole,180866.751220703,4521.66878051758,6569.50384400487
521,87040.3557128906,521,161136.119377613,521,27048.9317626953,521,49974.0372314453,521,96806.3100585938,Elangata Wuas,59991.4239501953,1499.78559875488,2779.05205365419
522,46586.1981201172,522,89829.9836218357,522,1571.90170288086,522,2690.07417297363,522,77179.435546875,Lewa Wildlife Conservancy,45014.2964172363,1125.35741043091,2178.49773622155
523,123658.633972168,523,51527.7497768402,523,133442.315185547,523,56839.95753479,523,334941.088867188,Ol Chorro Oiroua,-9783.68121337891,-244.592030334473,-132.805193948746
524,61673.3682098389,524,77927.2198617458,524,197211.081665039,524,267032.538314819,524,358153.333496094,Naboisho,-135537.7134552,-3388.44283638,-4727.63296132684
525,0,525,0,525,0,525,0,525,0,Nyambene,0,0,0
526,0,526,0,526,0,526,0,526,0,Shaba,0,0,0
527,0,527,0,527,0,527,0,527,0,Buffalo Springs,0,0,0
528,1798146.70996094,528,889412.376844883,528,392421.002441406,528,219696.139770508,528,512507.131835938,Karuma,1405725.70751953,35143.1426879883,16742.9059268594
529,335674.188720703,529,140241.703343391,529,27957.0292692184,529,11738.9492783546,529,357657.240234375,Semliki,307717.159451485,7692.92898628712,3212.56885162592
530,196341.437988281,530,227061.504620314,530,184736.391357422,530,236755.096679688,530,127519.076171875,Kidepo,11605.0466308594,290.126165771484,-242.339801484346
531,455166.888671875,531,241804.431325197,531,281972.797851562,531,155307.41796875,531,68711.8530273438,Chizera,173194.090820312,4329.85227050781,2162.42533391118
532,252659.369628906,532,189585.913878679,532,19356.5678100586,532,14141.1782989502,532,82775.7514648438,Munyeta,233302.801818848,5832.57004547119,4386.11838949323
533,2099333.83886719,533,1236951.89496279,533,1347986.40161133,533,812112.123046875,533,412249.169921875,Forest Reserve Name Unknown (ZMB) No.76,751347.437255859,18783.6859313965,10620.9942978978
534,0,534,0,534,0,534,0,534,0,Otjiu-West,0,0,0
535,0,535,0,535,0,535,0,535,0,Iipumbu ya Tshilongo,0,0,0
536,0,536,0,536,0,536,0,536,0,Khoadi-H√¥as,0,0,0
537,0,537,0,537,0,537,0,537,0,Huab,0,0,0
538,0,538,0,538,0,538,0,538,0,Uukwaluudhi,0,0,0
539,0,539,0,539,0,539,0,539,0,Sorris Sorris,0,0,0
540,0,540,0,540,0,540,0,540,0,Ombuiyokanguindi,0,0,0
541,0,541,0,541,0,541,0,541,0,Okatjandja Kozomenje,0,0,0
542,0,542,0,542,0,542,0,542,0,Losai,0,0,0
543,2096386.21289062,543,807447.788578272,543,601752.437591553,543,233570.470581055,543,753399.383300781,Marsabit,1494633.77529907,37365.8443824768,14346.9329499304
544,389621340.434998,544,378872651.257437,544,0,544,0,544,125548710.648438,Niassa,389621340.434998,9740533.51087494,9471816.28143594
545,13716183.0180664,545,22409687.4486268,545,931816.863315582,545,1472413.29229259,545,3579033.8581543,Chisunga Wildlife Management Area,12784366.1547508,319609.153868771,523431.853908354
546,53819883.5859375,546,37013397.6494908,546,35002281.9480286,546,23177116.7247314,546,12624878.5097656,Forest Reserve Name Unknown (ZMB) No.79,18817601.6379089,470440.040947723,345907.023118985
547,23208390.2614746,547,15584601.5863061,547,0,547,0,547,7828231.43847656,Boni,23208390.2614746,580209.756536865,389615.039657652
548,1686720.86116028,548,2371923.14391136,548,992663.813552856,548,1454719.06087494,548,5330933.04760742,Atakora,694057.047607422,17351.4261901855,22930.1020759106
549,84373.388671875,549,174549.353122711,549,5970.00331115723,549,12845.4146728516,549,88567.1640625,W du Niger,78403.3853607178,1960.08463401794,4042.59846124649
550,0,550,0,550,0,550,0,550,0,Etanga,0,0,0
551,127761.9140625,551,47325.141698122,551,0,551,0,551,30083.0537109375,North Kitui,127761.9140625,3194.0478515625,1183.12854245305
552,363897.929824829,552,162923.074811697,552,484561.44720459,552,228204.164825439,552,1612923.90332031,Mara North,-120663.517379761,-3016.58793449402,-1632.02725034356
553,52539.8323669434,553,16816.7515099049,553,144308.878753662,553,47264.2753753662,553,374378.192871094,Olare Orok,-91769.0463867188,-2294.22615966797,-761.188096636534
554,26994.7927246094,554,38416.2090361118,554,11959.8086242676,554,18934.8020629883,554,28938.7333984375,Bisanadi,15034.9841003418,375.874602508545,487.035174328089
555,5934181.57263184,555,6680166.31786227,555,409697.262672424,555,532277.49814415,555,1560067.09423828,Meru,5524484.30995941,138112.107748985,153697.220492953
556,0,556,0,556,0,556,0,556,0,Rahole,0,0,0
557,323490.140625,557,610961.587071419,557,70990.6444396973,557,141912.968780518,557,114088.563964844,Chiriwo Wildlife Management Area,252499.496185303,6312.48740463257,11726.2154572725
558,64461.91015625,558,58009.1161906719,558,9768.20223999023,558,8664.47828674316,558,52682.6640625,Gwayi,54693.7079162598,1367.34269790649,1233.61594759822
559,0,559,0,559,0,559,0,559,0,KW/2,0,0,0
560,4522524.09326172,560,2207103.29549313,560,2934854.78344727,560,1387037.28564453,560,625884.234863281,Kasanga,1587669.30981445,39691.7327453613,20501.6502462149
561,969522.780761719,561,566058.998465538,561,655564.278076172,561,390043.991638184,561,228691.528320312,Chisomo,313958.502685547,7848.96256713867,4400.37517068386
562,844396.644165039,562,1400698.88294339,562,0,562,0,562,651133.776855469,Saadani Game Reserve  -  17,844396.644165039,21109.916104126,35017.4720735848
563,741477.701904297,563,1060004.7026515,563,64139.7905578613,563,95118.2886199951,563,598704.422851562,Ndare,677337.911346436,16933.4477836609,24122.1603507876
564,0,564,0,564,0,564,0,564,0,South Kitui,0,0,0
565,69958.1743164062,565,108283.931988478,565,19713.5052490234,565,25477.8408203125,565,36609.3994140625,Lekurruki Conservancy Trust,50244.6690673828,1256.11672668457,2070.15227920413
566,0,566,0,566,0,566,0,566,0,Makurian (Oreteti),0,0,0
567,44748.9862976074,567,13910.5239391327,567,39159.6415405273,567,12013.5567932129,567,251528.488769531,Lemek,5589.34475708008,139.733618927002,47.424178647995
568,7221.32159423828,568,2223.64320158958,568,27324.4083251953,568,8408.34017944336,568,47486.9477539062,Motorogi,-20103.086730957,-502.577168273926,-154.617424446344
569,505371.058044434,569,862246.39929533,569,96651.6421966553,569,170936.212303162,569,631934.0390625,Ol Pejeta Conservancy,408719.415847778,10217.9853961945,17282.7546748042
570,0,570,0,570,0,570,0,570,0,NG/5 Wildlife Management Area,0,0,0
571,0,571,0,571,0,571,0,571,0,NG/4 Wildlife Management Area,0,0,0
572,1510537.48144531,572,1032497.2565949,572,1518438.78369141,572,1029881.48120117,572,664507.627929688,Lopeichubei,-7901.30224609375,-197.532556152344,65.394384843111
573,1030674.05566406,573,1650098.28456044,573,827536.555175781,573,1315727.76171875,573,541354.564453125,Nyangea - Napore,203137.500488281,5078.43751220703,8359.2630710423
